doc_id,url,section,last_modified
1,https://students.wlu.ca/home.html,home,    2026-07-20
2,https://students.wlu.ca/academics/index.html,academics,    2026-06-30
3,https://students.wlu.ca/academics/research/animals.html,academics,    2026-06-26
4,https://students.wlu.ca/academics/research/human-research/post-approval-requirements.html,academics,    2026-05-08
5,https://students.wlu.ca/academics/research/human-research/researcher-resources.html,academics,    2026-01-21
6,https://students.wlu.ca/academics/research/human-research/romeo-research-portal.html,academics,    2026-05-08
7,https://students.wlu.ca/academics/research/human-research/research-ethics-board-review.html,academics,    2025-01-17
8,https://students.wlu.ca/academics/research/human-research/index.html,academics,    2025-05-08
9,https://students.wlu.ca/academics/research/human-research/assets/resources/departmental-ethics-review.html,academics,    2026-01-26
10,https://students.wlu.ca/academics/research/human-research/assets/resources/new-multi-jurisdictional-research-application-and-guidance.html,academics,    2024-12-03
11,https://students.wlu.ca/academics/research/human-research/assets/resources/romeo-research-ethics-application-update.html,academics,    2025-10-24
12,https://students.wlu.ca/academics/research/human-research/assets/resources/top-tips-for-an-efficient-review.html,academics,    2025-01-24
13,https://students.wlu.ca/academics/research/human-research/assets/resources/reb/exemptions.html,academics,    2025-01-16
14,https://students.wlu.ca/academics/research/human-research/assets/resources/reb/materials-to-submit.html,academics,    2025-01-24
15,https://students.wlu.ca/academics/research/human-research/assets/resources/reb/application.html,academics,    2026-05-20
16,https://students.wlu.ca/academics/research/human-research/assets/resources/reb/definitions-and-tcps2-statement.html,academics,    2025-01-17
17,https://students.wlu.ca/academics/research/human-research/assets/resources/guidelines/general-ethics.html,academics,    2025-10-24
18,https://students.wlu.ca/academics/research/human-research/assets/resources/guidelines/informed-consent.html,academics,    2026-02-10
19,https://students.wlu.ca/academics/research/get-involved/undergraduate-student-research-award.html,academics,    2026-02-27
20,https://students.wlu.ca/academics/research/get-involved/index.html,academics,    2025-02-06
21,https://students.wlu.ca/academics/research/index.html,academics,    2026-06-30
22,https://students.wlu.ca/academics/virtual-asynchronous-learning/guidelines.html,academics,    2025-08-13
23,https://students.wlu.ca/academics/virtual-asynchronous-learning/index.html,academics,    2026-06-30
24,https://students.wlu.ca/academics/virtual-asynchronous-learning/assets/resources/exams.html,academics,    2023-03-23
25,https://students.wlu.ca/academics/library/librarians.html,academics,    2026-07-02
26,https://students.wlu.ca/academics/library/locations.html,academics,    2024-07-03
27,https://students.wlu.ca/academics/library/library-makerspace/workshops.html,academics,    2023-01-03
28,https://students.wlu.ca/academics/library/library-makerspace/index.html,academics,    2025-09-11
29,https://students.wlu.ca/academics/library/community-and-culture.html,academics,    2026-06-25
30,https://students.wlu.ca/academics/library/academic-support.html,academics,    2024-12-06
31,https://students.wlu.ca/academics/library/index.html,academics,    2026-06-30
32,https://students.wlu.ca/academics/global-engagement-and-exchanges/assets/resources/qescholars-2025.html,academics,    2025-10-15
33,https://students.wlu.ca/academics/global-engagement-and-exchanges/assets/resources/outgoing-exchange-student-alumni.html,academics,    2023-12-20
34,https://students.wlu.ca/academics/global-engagement-and-exchanges/assets/resources/laurier-international-cultural-conversations-4.0.html,academics,    2023-12-01
35,https://students.wlu.ca/academics/global-engagement-and-exchanges/assets/resources/global-skills-opportunities-student-testimonials.html,academics,    2026-04-23
36,https://students.wlu.ca/academics/global-engagement-and-exchanges/assets/resources/incoming-exchange-student-testimonials.html,academics,    2026-04-24
37,https://students.wlu.ca/academics/global-engagement-and-exchanges/assets/resources/student-exchange-program-information-sessions.html,academics,    2026-05-19
38,https://students.wlu.ca/academics/global-engagement-and-exchanges/assets/resources/orientation-for-incoming-exchange.html,academics,    2025-12-17
39,https://students.wlu.ca/academics/global-engagement-and-exchanges/assets/resources/laurier-international-cultural-conversations-moves-to-the-classroom.html,academics,    2022-12-05
40,https://students.wlu.ca/academics/global-engagement-and-exchanges/assets/resources/laurier-international-cultural-conversations-continued-virtual-multicultural-community-building.html,academics,    2021-12-08
41,https://students.wlu.ca/academics/global-engagement-and-exchanges/assets/resources/learn-more-about-international-opportunities-at-laurier.html,academics,    2023-08-28
42,https://students.wlu.ca/academics/global-engagement-and-exchanges/assets/resources/nomination-and-host-application-process.html,academics,    2021-09-17
43,https://students.wlu.ca/academics/global-engagement-and-exchanges/assets/resources/complete-your-application.html,academics,    2021-12-22
44,https://students.wlu.ca/academics/global-engagement-and-exchanges/assets/resources/required-documents-and-information.html,academics,    2026-01-08
45,https://students.wlu.ca/academics/global-engagement-and-exchanges/assets/resources/course-selection.html,academics,    2021-09-24
46,https://students.wlu.ca/academics/global-engagement-and-exchanges/assets/resources/laurier-international-cultural-conversations-building-a-virtual-multicultural-student-community-during-the-covid-19-pandemic.html,academics,    2021-09-09
47,https://students.wlu.ca/academics/global-engagement-and-exchanges/assets/resources/connect-virtually-with-a-global-engagement-student-ambassador.html,academics,    2022-07-26
48,https://students.wlu.ca/academics/global-engagement-and-exchanges/assets/resources/maximize-your-exchange-experience-with-two-new-online-courses-just-for-exchange-students.html,academics,    2019-06-20
49,https://students.wlu.ca/academics/global-engagement-and-exchanges/assets/resources/understanding-international-course-credits-and-the-credit-transfer-process.html,academics,    2025-10-30
50,https://students.wlu.ca/academics/global-engagement-and-exchanges/assets/resources/pre-departure-checklist.html,academics,    2026-07-23
51,https://students.wlu.ca/academics/global-engagement-and-exchanges/assets/resources/receiving-and-accepting-your-exchange-offer.html,academics,    2025-12-12
52,https://students.wlu.ca/academics/global-engagement-and-exchanges/assets/resources/submit-photos-of-your-exchange-experience.html,academics,    2025-04-03
53,https://students.wlu.ca/academics/global-engagement-and-exchanges/assets/resources/course-registration.html,academics,    2025-09-16
54,https://students.wlu.ca/academics/global-engagement-and-exchanges/assets/resources/academics-and-transcripts.html,academics,    2025-12-16
55,https://students.wlu.ca/academics/global-engagement-and-exchanges/assets/resources/student-services-for-exchange-students.html,academics,    2025-04-03
56,https://students.wlu.ca/academics/global-engagement-and-exchanges/assets/resources/preparing-for-exchanges.html,academics,    2018-10-11
57,https://students.wlu.ca/academics/global-engagement-and-exchanges/assets/resources/eligibility-for-exchanges.html,academics,    2026-01-08
58,https://students.wlu.ca/academics/global-engagement-and-exchanges/assets/resources/how-to-apply-for-exchanges.html,academics,    2022-10-20
59,https://students.wlu.ca/academics/global-engagement-and-exchanges/staff-listing.html,academics,    2026-07-29
60,https://students.wlu.ca/academics/global-engagement-and-exchanges/index.html,academics,    2026-06-30
61,https://students.wlu.ca/academics/global-engagement-and-exchanges/financial-assistance.html,academics,    2025-04-04
62,https://students.wlu.ca/academics/global-engagement-and-exchanges/international-at-home/language-sharing-programs.html,academics,    2025-12-05
63,https://students.wlu.ca/academics/global-engagement-and-exchanges/international-at-home/student-leadership.html,academics,    2024-11-12
64,https://students.wlu.ca/academics/global-engagement-and-exchanges/international-at-home/intercultural-certificate.html,academics,    2026-06-29
65,https://students.wlu.ca/academics/global-engagement-and-exchanges/international-at-home/index.html,academics,    2026-06-29
66,https://students.wlu.ca/academics/global-engagement-and-exchanges/incoming-exchange-students.html,academics,    2025-12-12
67,https://students.wlu.ca/academics/global-engagement-and-exchanges/opportunities-abroad/volunteering.html,academics,    2026-06-29
68,https://students.wlu.ca/academics/global-engagement-and-exchanges/opportunities-abroad/internships.html,academics,    2026-06-29
69,https://students.wlu.ca/academics/global-engagement-and-exchanges/opportunities-abroad/faculty-led-programs-abroad.html,academics,    2026-05-15
70,https://students.wlu.ca/academics/global-engagement-and-exchanges/opportunities-abroad/partner-universities.html,academics,    2026-06-25
71,https://students.wlu.ca/academics/global-engagement-and-exchanges/opportunities-abroad/summer-exchanges.html,academics,    2026-03-12
72,https://students.wlu.ca/academics/global-engagement-and-exchanges/opportunities-abroad/exchanges.html,academics,    2026-06-29
73,https://students.wlu.ca/academics/global-engagement-and-exchanges/opportunities-abroad/index.html,academics,    2023-10-19
74,https://students.wlu.ca/academics/graduate-and-postdoctoral-studies/graduate-teaching-assistants/documentation.html,academics,    2023-09-21
75,https://students.wlu.ca/academics/graduate-and-postdoctoral-studies/graduate-teaching-assistants/training.html,academics,    2026-01-29
76,https://students.wlu.ca/academics/graduate-and-postdoctoral-studies/graduate-teaching-assistants/job-opportunities.html,academics,    2026-02-24
77,https://students.wlu.ca/academics/graduate-and-postdoctoral-studies/graduate-teaching-assistants/index.html,academics,    2024-05-01
78,https://students.wlu.ca/academics/graduate-and-postdoctoral-studies/academic-appeals/index.html,academics,    2026-07-14
79,https://students.wlu.ca/academics/graduate-and-postdoctoral-studies/academic-appeals/appeal-process.html,academics,    2025-11-27
80,https://students.wlu.ca/academics/graduate-and-postdoctoral-studies/academic-appeals/appeal-form.html,academics,    2026-06-29
81,https://students.wlu.ca/academics/graduate-and-postdoctoral-studies/academic-appeals/types-of-appeal.html,academics,    2024-12-05
82,https://students.wlu.ca/academics/graduate-and-postdoctoral-studies/managing-your-program/convocation-graduate-students.html,academics,    2026-05-26
83,https://students.wlu.ca/academics/graduate-and-postdoctoral-studies/managing-your-program/letter-requests.html,academics,    2026-03-18
84,https://students.wlu.ca/academics/graduate-and-postdoctoral-studies/managing-your-program/tuition-payment-plan-program.html,academics,    2026-03-31
85,https://students.wlu.ca/academics/graduate-and-postdoctoral-studies/managing-your-program/course-registration.html,academics,    2026-06-01
86,https://students.wlu.ca/academics/graduate-and-postdoctoral-studies/managing-your-program/index.html,academics,    2025-06-19
87,https://students.wlu.ca/academics/graduate-and-postdoctoral-studies/index.html,academics,    2026-06-30
88,https://students.wlu.ca/academics/graduate-and-postdoctoral-studies/assets/resources/masters-progress-and-activity-reports.html,academics,    2026-02-25
89,https://students.wlu.ca/academics/graduate-and-postdoctoral-studies/assets/resources/graduate-advising.html,academics,    2026-02-25
90,https://students.wlu.ca/academics/graduate-and-postdoctoral-studies/assets/resources/phd-progress-and-activity-reports.html,academics,    2025-11-13
91,https://students.wlu.ca/academics/graduate-and-postdoctoral-studies/assets/resources/anticipated-gta-opportunities.html,academics,    2023-12-07
92,https://students.wlu.ca/academics/graduate-and-postdoctoral-studies/assets/resources/3mt.html,academics,    2024-07-18
93,https://students.wlu.ca/academics/graduate-and-postdoctoral-studies/assets/resources/psac-negotiations-faqs.html,academics,    2022-03-03
94,https://students.wlu.ca/academics/graduate-and-postdoctoral-studies/assets/resources/course-grade-appeals.html,academics,    2021-05-26
95,https://students.wlu.ca/academics/graduate-and-postdoctoral-studies/assets/resources/changing-historical-academic-records.html,academics,    2021-05-26
96,https://students.wlu.ca/academics/graduate-and-postdoctoral-studies/assets/resources/progress-issues.html,academics,    2025-04-08
97,https://students.wlu.ca/academics/graduate-and-postdoctoral-studies/assets/resources/forms-inventory.html,academics,    2026-02-19
98,https://students.wlu.ca/academics/graduate-and-postdoctoral-studies/assets/resources/leaves-and-withdraw-from-program.html,academics,    2025-02-25
99,https://students.wlu.ca/academics/graduate-and-postdoctoral-studies/assets/resources/paying-for-grad-school.html,academics,    2021-12-22
100,https://students.wlu.ca/academics/graduate-and-postdoctoral-studies/aspire/index.html,academics,    2025-09-16
101,https://students.wlu.ca/academics/graduate-and-postdoctoral-studies/aspire/student-teaching-development.html,academics,    2026-02-05
102,https://students.wlu.ca/academics/graduate-and-postdoctoral-studies/aspire/skills-training.html,academics,    2026-05-28
103,https://students.wlu.ca/academics/graduate-and-postdoctoral-studies/aspire/incoming-student-support.html,academics,    2026-07-23
104,https://students.wlu.ca/academics/graduate-and-postdoctoral-studies/aspire/assets/resources/aspire-professional-development-certificate.html,academics,    2025-08-22
105,https://students.wlu.ca/academics/graduate-and-postdoctoral-studies/aspire/assets/resources/opportunities-challenges-of-generative-ai-tools-in-academia-resource-for-students-in-teaching-roles.html,academics,    2025-09-05
106,https://students.wlu.ca/academics/records-and-registration/student-records/certificates.html,academics,    2026-06-26
107,https://students.wlu.ca/academics/records-and-registration/student-records/index.html,academics,    2026-05-11
108,https://students.wlu.ca/academics/records-and-registration/course-registration-guide/index.html,academics,    2026-05-29
109,https://students.wlu.ca/academics/records-and-registration/course-registration-guide/assets/resources/transfer-credits-for-incoming-transfer-students.html,academics,    2025-06-27
110,https://students.wlu.ca/academics/records-and-registration/course-registration-guide/assets/resources/course-registration-for-returning-students.html,academics,    2022-06-20
111,https://students.wlu.ca/academics/records-and-registration/course-registration-guide/assets/resources/confirm-your-registration-date-and-time-ticket.html,academics,    2026-06-01
112,https://students.wlu.ca/academics/records-and-registration/course-registration-guide/assets/resources/program-requirements/online-certificates-first-year-program-requirements.html,academics,    2026-05-28
113,https://students.wlu.ca/academics/records-and-registration/course-registration-guide/assets/resources/program-requirements/science-virtual-first-year-program-requirements.html,academics,    2026-05-28
114,https://students.wlu.ca/academics/records-and-registration/course-registration-guide/assets/resources/program-requirements/option-minors-milton-first-year-program-requirements.html,academics,    2026-05-12
115,https://students.wlu.ca/academics/records-and-registration/course-registration-guide/assets/resources/program-requirements/milton-science-first-year-program-requirements.html,academics,    2026-06-09
116,https://students.wlu.ca/academics/records-and-registration/course-registration-guide/assets/resources/program-requirements/core-sciences-first-year-registration.html,academics,    2026-06-29
117,https://students.wlu.ca/academics/records-and-registration/course-registration-guide/assets/resources/program-requirements/option-minors-brantford-first-year-program-requirements.html,academics,    2026-06-29
118,https://students.wlu.ca/academics/records-and-registration/course-registration-guide/assets/resources/program-requirements/fhss-online-first-year-program-requirements.html,academics,    2026-05-11
119,https://students.wlu.ca/academics/records-and-registration/course-registration-guide/assets/resources/program-requirements/milton-lazaridis-school-first-year-program-requirements.html,academics,    2026-06-02
120,https://students.wlu.ca/academics/records-and-registration/course-registration-guide/assets/resources/program-requirements/social-work-first-year-program-requirements.html,academics,    2026-05-19
121,https://students.wlu.ca/academics/records-and-registration/course-registration-guide/assets/resources/program-requirements/liberal-arts-first-year-program-requirements.html,academics,    2026-06-29
122,https://students.wlu.ca/academics/records-and-registration/course-registration-guide/assets/resources/program-requirements/fhss-first-year-program-requirements.html,academics,    2026-06-16
123,https://students.wlu.ca/academics/records-and-registration/course-registration-guide/assets/resources/program-requirements/luther-first-year-program-requirements.html,academics,    2025-05-30
124,https://students.wlu.ca/academics/records-and-registration/course-registration-guide/assets/resources/program-requirements/music-first-year-program-requirements.html,academics,    2026-05-11
125,https://students.wlu.ca/academics/records-and-registration/course-registration-guide/assets/resources/program-requirements/science-first-year-program-requirements.html,academics,    2026-06-25
126,https://students.wlu.ca/academics/records-and-registration/course-registration-guide/assets/resources/program-requirements/lazaridis-school-first-year-program-requirements.html,academics,    2026-06-12
127,https://students.wlu.ca/academics/records-and-registration/course-registration-guide/assets/resources/program-requirements/arts-first-year-program-requirements.html,academics,    2026-06-30
128,https://students.wlu.ca/academics/records-and-registration/course-registration-guide/step-4-register-for-courses/index.html,academics,    2026-06-26
129,https://students.wlu.ca/academics/records-and-registration/course-registration-guide/step-3-build-your-timetable/index.html,academics,    2026-06-26
130,https://students.wlu.ca/academics/records-and-registration/course-registration-guide/step-2-choose-electives/index.html,academics,    2026-06-26
131,https://students.wlu.ca/academics/records-and-registration/course-registration-guide/step-1-program-requirements/index.html,academics,    2026-05-29
132,https://students.wlu.ca/academics/records-and-registration/changing-programs.html,academics,    2026-05-20
133,https://students.wlu.ca/academics/records-and-registration/service-laurier.html,academics,    2026-07-17
134,https://students.wlu.ca/academics/records-and-registration/index.html,academics,    2026-06-30
135,https://students.wlu.ca/academics/records-and-registration/assets/resources/spring-course-registration.html,academics,    2026-02-18
136,https://students.wlu.ca/academics/records-and-registration/assets/resources/loris.html,academics,    2026-07-29
137,https://students.wlu.ca/academics/records-and-registration/assets/resources/the-answers-you-need-over-the-holidays.html,academics,    2025-12-22
138,https://students.wlu.ca/academics/records-and-registration/assets/resources/values-and-commitment.html,academics,    2022-05-03
139,https://students.wlu.ca/academics/records-and-registration/assets/resources/credit-option-information.html,academics,    2023-02-13
140,https://students.wlu.ca/academics/records-and-registration/assets/resources/service-laurier-live-chat.html,academics,    2024-07-18
141,https://students.wlu.ca/academics/records-and-registration/assets/resources/get-to-know-service-laurier.html,academics,    2022-09-12
142,https://students.wlu.ca/academics/records-and-registration/assets/resources/courses-offered-for-summer-2019.html,academics,    2019-06-12
143,https://students.wlu.ca/academics/records-and-registration/academic-standing-and-registration/withdrawing-and-readmission.html,academics,    2026-07-27
144,https://students.wlu.ca/academics/records-and-registration/academic-standing-and-registration/alternative-registration-procedures/visiting-students.html,academics,    2026-03-20
145,https://students.wlu.ca/academics/records-and-registration/academic-standing-and-registration/alternative-registration-procedures/taking-courses-at-another-university.html,academics,    2026-07-14
146,https://students.wlu.ca/academics/records-and-registration/academic-standing-and-registration/alternative-registration-procedures/cross-registration.html,academics,    2025-02-27
147,https://students.wlu.ca/academics/records-and-registration/academic-standing-and-registration/alternative-registration-procedures/auditing.html,academics,    2025-11-07
148,https://students.wlu.ca/academics/records-and-registration/academic-standing-and-registration/alternative-registration-procedures/index.html,academics,    2024-12-18
149,https://students.wlu.ca/academics/records-and-registration/academic-standing-and-registration/index.html,academics,    2026-03-24
150,https://students.wlu.ca/academics/convocation/guests.html,academics,    2026-07-08
151,https://students.wlu.ca/academics/convocation/prepare-for-convocation.html,academics,    2026-07-29
152,https://students.wlu.ca/academics/convocation/ceremonies/index.html,academics,    2026-07-28
153,https://students.wlu.ca/academics/convocation/apply-to-graduate.html,academics,    2026-07-08
154,https://students.wlu.ca/academics/convocation/index.html,academics,    2026-06-30
155,https://students.wlu.ca/academics/convocation/assets/resources/2025/oct-21-2-pm-brantford.html,academics,    2025-10-14
156,https://students.wlu.ca/academics/convocation/assets/resources/2025/oct-17-4-30-pm-waterloo.html,academics,    2025-10-14
157,https://students.wlu.ca/academics/convocation/assets/resources/2025/oct-17-1-30-pm-waterloo.html,academics,    2026-04-08
158,https://students.wlu.ca/academics/convocation/assets/resources/2025/oct-17-9-30-am-waterloo.html,academics,    2025-10-14
159,https://students.wlu.ca/academics/convocation/assets/resources/2025/oct-16-4-30-pm-waterloo.html,academics,    2025-10-14
160,https://students.wlu.ca/academics/convocation/assets/resources/2025/oct-16-1-30-pm-waterloo.html,academics,    2025-10-14
161,https://students.wlu.ca/academics/convocation/assets/resources/2025/oct-16-9-30-am-waterloo.html,academics,    2025-10-17
162,https://students.wlu.ca/academics/convocation/assets/resources/2025/june-11-4-pm-waterloo.html,academics,    2025-06-16
163,https://students.wlu.ca/academics/convocation/assets/resources/2025/june-13-1-pm-waterloo.html,academics,    2025-06-17
164,https://students.wlu.ca/academics/convocation/assets/resources/2025/june-12-4-pm-waterloo.html,academics,    2025-06-06
165,https://students.wlu.ca/academics/convocation/assets/resources/2025/june-12-1-pm-waterloo.html,academics,    2025-06-04
166,https://students.wlu.ca/academics/convocation/assets/resources/2025/june-10-4-pm-waterloo.html,academics,    2025-06-06
167,https://students.wlu.ca/academics/convocation/assets/resources/2025/june-10-1-pm-waterloo.html,academics,    2025-06-03
168,https://students.wlu.ca/academics/convocation/assets/resources/2025/june-10-9-30-am-waterloo.html,academics,    2025-12-08
169,https://students.wlu.ca/academics/convocation/assets/resources/2025/june-3-2-pm-brantford.html,academics,    2025-05-30
170,https://students.wlu.ca/academics/convocation/assets/resources/2025/june-3-10-am-brantford.html,academics,    2025-05-28
171,https://students.wlu.ca/academics/convocation/assets/resources/2025/june-11-1-pm-waterloo.html,academics,    2025-06-04
172,https://students.wlu.ca/academics/convocation/assets/resources/2025/june-13-9-30-am-waterloo.html,academics,    2025-06-04
173,https://students.wlu.ca/academics/convocation/assets/resources/2025/june-9-9-30-am-waterloo.html,academics,    2025-06-03
174,https://students.wlu.ca/academics/convocation/assets/resources/2025/june-11-9-30-am-waterloo.html,academics,    2025-06-16
175,https://students.wlu.ca/academics/convocation/assets/resources/2025/june-9-1-pm-waterloo.html,academics,    2025-06-03
176,https://students.wlu.ca/academics/convocation/assets/resources/2025/june-12-9-30-am-waterloo.html,academics,    2025-06-16
177,https://students.wlu.ca/academics/convocation/assets/resources/2024/oct-18-4-pm-waterloo.html,academics,    2024-12-04
178,https://students.wlu.ca/academics/convocation/assets/resources/2024/oct-18-1-pm-waterloo.html,academics,    2024-10-11
179,https://students.wlu.ca/academics/convocation/assets/resources/2024/oct-18-9-30-am-waterloo.html,academics,    2024-10-11
180,https://students.wlu.ca/academics/convocation/assets/resources/2024/oct-17-4-pm-waterloo.html,academics,    2024-10-03
181,https://students.wlu.ca/academics/convocation/assets/resources/2024/oct-17-1-pm-waterloo.html,academics,    2024-10-08
182,https://students.wlu.ca/academics/convocation/assets/resources/2024/oct-17-9-30-am-waterloo.html,academics,    2024-10-09
183,https://students.wlu.ca/academics/convocation/assets/resources/2024/oct-29-2-pm-brantford.html,academics,    2026-02-23
184,https://students.wlu.ca/academics/convocation/assets/resources/2024/june-14-1-pm-waterloo.html,academics,    2024-06-07
185,https://students.wlu.ca/academics/convocation/assets/resources/2024/june-13-4-pm-waterloo.html,academics,    2024-06-14
186,https://students.wlu.ca/academics/convocation/assets/resources/2024/june-13-1-pm-waterloo.html,academics,    2024-06-07
187,https://students.wlu.ca/academics/convocation/assets/resources/2024/june-12-4-pm-waterloo.html,academics,    2024-06-10
188,https://students.wlu.ca/academics/convocation/assets/resources/2024/june-11-4-pm-waterloo.html,academics,    2024-06-10
189,https://students.wlu.ca/academics/convocation/assets/resources/2024/june-11-1-pm-waterloo.html,academics,    2024-06-10
190,https://students.wlu.ca/academics/convocation/assets/resources/2024/june-11-9-30-am-waterloo.html,academics,    2024-06-10
191,https://students.wlu.ca/academics/convocation/assets/resources/2024/june-4-2-pm-brantford.html,academics,    2024-06-03
192,https://students.wlu.ca/academics/convocation/assets/resources/2024/june-4-10-am-brantford.html,academics,    2024-05-27
193,https://students.wlu.ca/academics/convocation/assets/resources/2024/june-12-1-pm-waterloo.html,academics,    2024-06-07
194,https://students.wlu.ca/academics/convocation/assets/resources/2024/june-14-9-30-am-waterloo.html,academics,    2024-06-10
195,https://students.wlu.ca/academics/convocation/assets/resources/2024/june-10-9-30-am-waterloo.html,academics,    2024-06-19
196,https://students.wlu.ca/academics/convocation/assets/resources/2024/june-12-9-30-am-waterloo.html,academics,    2024-06-10
197,https://students.wlu.ca/academics/convocation/assets/resources/2024/june-10-1-pm-waterloo.html,academics,    2024-06-10
198,https://students.wlu.ca/academics/convocation/assets/resources/2024/june-13-9-30-am-waterloo.html,academics,    2025-06-04
199,https://students.wlu.ca/academics/convocation/assets/resources/tickets.html,academics,    2026-07-08
200,https://students.wlu.ca/academics/convocation/assets/resources/2023/nov-1-2-30-pm-brantford.html,academics,    2023-10-19
201,https://students.wlu.ca/academics/convocation/assets/resources/2023/oct-12-9-30-am-waterloo.html,academics,    2023-10-05
202,https://students.wlu.ca/academics/convocation/assets/resources/2023/oct-13-4-pm-waterloo.html,academics,    2023-10-04
203,https://students.wlu.ca/academics/convocation/assets/resources/2023/oct-13-1-pm-waterloo.html,academics,    2024-07-10
204,https://students.wlu.ca/academics/convocation/assets/resources/2023/oct-12-4-pm-waterloo.html,academics,    2023-10-04
205,https://students.wlu.ca/academics/convocation/assets/resources/2023/oct-12-1-pm-waterloo.html,academics,    2023-10-03
206,https://students.wlu.ca/academics/convocation/assets/resources/2023/oct-13-9-30-am-waterloo.html,academics,    2023-12-20
207,https://students.wlu.ca/academics/convocation/assets/resources/2026/june-19-1-30-pm-waterloo.html,academics,    2026-06-09
208,https://students.wlu.ca/academics/convocation/assets/resources/2026/june-19-9-30-am-waterloo.html,academics,    2026-06-10
209,https://students.wlu.ca/academics/convocation/assets/resources/2026/june-18-4-30-pm-waterloo.html,academics,    2026-06-10
210,https://students.wlu.ca/academics/convocation/assets/resources/2026/june-18-1-30-pm-waterloo.html,academics,    2026-06-19
211,https://students.wlu.ca/academics/convocation/assets/resources/2026/june-18-9-30-am-waterloo.html,academics,    2026-06-19
212,https://students.wlu.ca/academics/convocation/assets/resources/2026/june-17-4-30-pm-waterloo.html,academics,    2026-06-10
213,https://students.wlu.ca/academics/convocation/assets/resources/2026/june-17-1-30-pm-waterloo.html,academics,    2026-06-09
214,https://students.wlu.ca/academics/convocation/assets/resources/2026/june-17-9-30-am-waterloo.html,academics,    2026-06-10
215,https://students.wlu.ca/academics/convocation/assets/resources/2026/june-16-4-30-pm-waterloo.html,academics,    2026-06-15
216,https://students.wlu.ca/academics/convocation/assets/resources/2026/june-16-1-30-pm-waterloo.html,academics,    2026-06-10
217,https://students.wlu.ca/academics/convocation/assets/resources/2026/june-16-9-30-am-waterloo.html,academics,    2026-06-12
218,https://students.wlu.ca/academics/convocation/assets/resources/2026/june-15-9-30-am-waterloo.html,academics,    2026-06-11
219,https://students.wlu.ca/academics/convocation/assets/resources/2026/june-15-1-30-pm-waterloo.html,academics,    2026-06-10
220,https://students.wlu.ca/academics/convocation/assets/resources/2026/june-9-2-pm-brantford.html,academics,    2026-06-08
221,https://students.wlu.ca/academics/convocation/assets/resources/2026/june-9-10-am-brantford.html,academics,    2026-06-10
222,https://students.wlu.ca/academics/convocation/assets/resources/convocation-program/index.html,academics,    2026-06-11
223,https://students.wlu.ca/academics/exams/staff-listing.html,academics,    2025-09-11
224,https://students.wlu.ca/academics/exams/proctor-confirmation.html,academics,    2026-05-04
225,https://students.wlu.ca/academics/exams/deferred-exams.html,academics,    2026-07-20
226,https://students.wlu.ca/academics/exams/assets/resources/summer-exam-schedule-online.html,academics,    2026-04-07
227,https://students.wlu.ca/academics/exams/assets/resources/summer-exam-schedule-waterloo.html,academics,    2026-04-07
228,https://students.wlu.ca/academics/exams/assets/resources/spring-exam-schedule-brantford.html,academics,    2026-06-19
229,https://students.wlu.ca/academics/exams/assets/resources/spring-exam-schedule-milton.html,academics,    2026-06-19
230,https://students.wlu.ca/academics/exams/assets/resources/spring-exam-schedule-online.html,academics,    2026-06-22
231,https://students.wlu.ca/academics/exams/assets/resources/spring-exam-schedule-waterloo.html,academics,    2026-06-19
232,https://students.wlu.ca/academics/exams/assets/resources/intersession-exam-schedule-online.html,academics,    2026-06-02
233,https://students.wlu.ca/academics/exams/assets/resources/intersession-exam-schedule-waterloo.html,academics,    2026-06-02
234,https://students.wlu.ca/academics/exams/assets/resources/summer-exam-schedule-milton.html,academics,    2026-04-16
235,https://students.wlu.ca/academics/exams/assets/resources/final-exam-schedule-milton.html,academics,    2026-03-23
236,https://students.wlu.ca/academics/exams/assets/resources/fall-exam-schedule-milton.html,academics,    2026-04-16
237,https://students.wlu.ca/academics/exams/assets/resources/best-practices-for-virtual-proctors.html,academics,    2021-09-17
238,https://students.wlu.ca/academics/exams/assets/resources/fall-exam-schedule-brantford.html,academics,    2026-04-16
239,https://students.wlu.ca/academics/exams/assets/resources/fall-exam-schedule-online.html,academics,    2026-04-16
240,https://students.wlu.ca/academics/exams/assets/resources/fall-exam-schedule-waterloo.html,academics,    2026-04-16
241,https://students.wlu.ca/academics/exams/assets/resources/final-exam-schedule-online.html,academics,    2026-03-24
242,https://students.wlu.ca/academics/exams/assets/resources/final-exam-schedule-brantford.html,academics,    2026-03-24
243,https://students.wlu.ca/academics/exams/assets/resources/final-exam-schedule-waterloo.html,academics,    2026-03-23
244,https://students.wlu.ca/academics/exams/exam-regulations.html,academics,    2026-06-25
245,https://students.wlu.ca/academics/exams/index.html,academics,    2026-06-30
246,https://students.wlu.ca/academics/exams/exam-schedules/deferred-exam-schedule.html,academics,    2026-06-25
247,https://students.wlu.ca/academics/exams/exam-schedules/index.html,academics,    2026-06-22
248,https://students.wlu.ca/academics/support-and-advising/index.html,academics,    2026-06-30
249,https://students.wlu.ca/academics/support-and-advising/student-success/staff-listing.html,academics,    2026-07-08
250,https://students.wlu.ca/academics/support-and-advising/student-success/resources.html,academics,    2026-07-08
251,https://students.wlu.ca/academics/support-and-advising/student-success/programs-and-workshops.html,academics,    2026-07-15
252,https://students.wlu.ca/academics/support-and-advising/student-success/appointments.html,academics,    2026-07-21
253,https://students.wlu.ca/academics/support-and-advising/student-success/index.html,academics,    2026-07-21
254,https://students.wlu.ca/academics/support-and-advising/student-success/assets/resources/workshops-programs/soar-program.html,academics,    2026-05-27
255,https://students.wlu.ca/academics/support-and-advising/student-success/assets/resources/writing/graduate-writing-supports.html,academics,    2026-04-24
256,https://students.wlu.ca/academics/support-and-advising/student-success/assets/resources/writing/gen-ai-and-writing.html,academics,    2026-06-19
257,https://students.wlu.ca/academics/support-and-advising/student-success/assets/resources/writing/zoom-and-teams.html,academics,    2025-05-27
258,https://students.wlu.ca/academics/support-and-advising/student-success/assets/resources/writing/translingual-writing.html,academics,    2025-05-27
259,https://students.wlu.ca/academics/support-and-advising/student-success/assets/resources/writing/how-to-write-an-abstract.html,academics,    2024-08-07
260,https://students.wlu.ca/academics/support-and-advising/student-success/assets/resources/writing/personal-statements.html,academics,    2024-05-30
261,https://students.wlu.ca/academics/support-and-advising/student-success/assets/resources/writing/argumentative-essay.html,academics,    2024-10-21
262,https://students.wlu.ca/academics/support-and-advising/student-success/assets/resources/writing/book-review.html,academics,    2024-05-30
263,https://students.wlu.ca/academics/support-and-advising/student-success/assets/resources/writing/annotated-bibliography.html,academics,    2024-05-30
264,https://students.wlu.ca/academics/support-and-advising/student-success/assets/resources/writing/undergraduate-thesis-writing-program.html,academics,    2026-04-24
265,https://students.wlu.ca/academics/support-and-advising/student-success/assets/resources/writing/journal-article-review.html,academics,    2023-09-06
266,https://students.wlu.ca/academics/support-and-advising/student-success/assets/resources/writing/how-to-structure-an-academic-paragraph.html,academics,    2026-06-23
267,https://students.wlu.ca/academics/support-and-advising/student-success/assets/resources/writing/reflective-writing.html,academics,    2023-09-06
268,https://students.wlu.ca/academics/support-and-advising/student-success/assets/resources/writing/common-grammar-errors.html,academics,    2023-09-06
269,https://students.wlu.ca/academics/support-and-advising/student-success/assets/resources/writing/how-to-integrate-sources-effectively.html,academics,    2024-10-08
270,https://students.wlu.ca/academics/support-and-advising/student-success/assets/resources/writing/canadian-press-style.html,academics,    2026-04-23
271,https://students.wlu.ca/academics/support-and-advising/student-success/assets/resources/writing/thesis-statements.html,academics,    2023-03-23
272,https://students.wlu.ca/academics/support-and-advising/student-success/assets/resources/writing/graduate-writing-retreat.html,academics,    2026-04-15
273,https://students.wlu.ca/academics/support-and-advising/student-success/assets/resources/writing/sentence-types.html,academics,    2023-03-22
274,https://students.wlu.ca/academics/support-and-advising/student-success/assets/resources/writing/writing-exam-essays.html,academics,    2023-03-21
275,https://students.wlu.ca/academics/support-and-advising/student-success/assets/resources/writing/writing-clearly.html,academics,    2023-03-22
276,https://students.wlu.ca/academics/support-and-advising/student-success/assets/resources/writing/understanding-your-assignment.html,academics,    2023-03-21
277,https://students.wlu.ca/academics/support-and-advising/student-success/assets/resources/writing/punctuation-rules-commas.html,academics,    2024-08-27
278,https://students.wlu.ca/academics/support-and-advising/student-success/assets/resources/writing/chicago-manual-of-style-notes-bibliography.html,academics,    2025-11-13
279,https://students.wlu.ca/academics/support-and-advising/student-success/assets/resources/writing/writing-support-programs.html,academics,    2025-10-28
280,https://students.wlu.ca/academics/support-and-advising/student-success/assets/resources/writing/mla-citations.html,academics,    2025-10-20
281,https://students.wlu.ca/academics/support-and-advising/student-success/assets/resources/writing/scholarship-proposal.html,academics,    2024-02-13
282,https://students.wlu.ca/academics/support-and-advising/student-success/assets/resources/writing/op-ed-writing.html,academics,    2023-03-21
283,https://students.wlu.ca/academics/support-and-advising/student-success/assets/resources/writing/books-on-academic-writing.html,academics,    2024-08-28
284,https://students.wlu.ca/academics/support-and-advising/student-success/assets/resources/writing/chicago-manual-of-style.html,academics,    2025-10-20
285,https://students.wlu.ca/academics/support-and-advising/student-success/assets/resources/writing/transition-words-and-phrases.html,academics,    2023-03-22
286,https://students.wlu.ca/academics/support-and-advising/student-success/assets/resources/writing/literature-review.html,academics,    2023-03-21
287,https://students.wlu.ca/academics/support-and-advising/student-success/assets/resources/writing/online-graduate-student-writing-groups.html,academics,    2021-07-12
288,https://students.wlu.ca/academics/support-and-advising/student-success/assets/resources/writing/inclusive-language.html,academics,    2023-03-22
289,https://students.wlu.ca/academics/support-and-advising/student-success/assets/resources/writing/developing-a-major-writing-project-program.html,academics,    2024-03-27
290,https://students.wlu.ca/academics/support-and-advising/student-success/assets/resources/writing/code-of-conduct-for-waterloo-writing-services-appointments.html,academics,    2021-09-16
291,https://students.wlu.ca/academics/support-and-advising/student-success/assets/resources/writing/french-homonyms.html,academics,    2023-03-23
292,https://students.wlu.ca/academics/support-and-advising/student-success/assets/resources/writing/apa-citations.html,academics,    2026-05-14
293,https://students.wlu.ca/academics/support-and-advising/student-success/assets/resources/study-skills/graduate-student-academic-support.html,academics,    2026-07-24
294,https://students.wlu.ca/academics/support-and-advising/student-success/assets/resources/study-skills/studying-with-blooms-taxonomy.html,academics,    2025-11-06
295,https://students.wlu.ca/academics/support-and-advising/student-success/assets/resources/study-skills/black-student-academic-success-program.html,academics,    2026-02-13
296,https://students.wlu.ca/academics/support-and-advising/student-success/assets/resources/study-skills/time-management-strategies.html,academics,    2025-03-28
297,https://students.wlu.ca/academics/support-and-advising/student-success/assets/resources/study-skills/strategies-for-success-in-online-courses.html,academics,    2025-07-23
298,https://students.wlu.ca/academics/support-and-advising/student-success/assets/resources/study-skills/note-taking-strategies.html,academics,    2025-05-22
299,https://students.wlu.ca/academics/support-and-advising/student-success/assets/resources/study-skills/active-listening.html,academics,    2025-05-22
300,https://students.wlu.ca/academics/support-and-advising/student-success/assets/resources/study-skills/writing-objective-tests.html,academics,    2025-03-28
301,https://students.wlu.ca/academics/support-and-advising/student-success/assets/resources/study-skills/preparing-for-multiple-choice-tests-using-blooms-revised-taxonomy.html,academics,    2025-03-28
302,https://students.wlu.ca/academics/support-and-advising/student-success/assets/resources/study-skills/preparation-checklist-for-online-exams.html,academics,    2025-11-05
303,https://students.wlu.ca/academics/support-and-advising/student-success/assets/resources/study-skills/metacognition.html,academics,    2025-03-28
304,https://students.wlu.ca/academics/support-and-advising/student-success/assets/resources/study-skills/exam-preparation-strategies.html,academics,    2025-03-28
305,https://students.wlu.ca/academics/support-and-advising/student-success/assets/resources/study-skills/strategies-for-studying-individually.html,academics,    2025-05-22
306,https://students.wlu.ca/academics/support-and-advising/student-success/assets/resources/study-skills/strategies-for-studying-in-groups.html,academics,    2025-05-22
307,https://students.wlu.ca/academics/support-and-advising/student-success/assets/resources/study-skills/strategies-for-managing-quantitative-homework.html,academics,    2024-09-27
308,https://students.wlu.ca/academics/support-and-advising/student-success/assets/resources/study-skills/active-learners.html,academics,    2024-08-27
309,https://students.wlu.ca/academics/support-and-advising/student-success/assets/resources/study-skills/golden-guide-to-a-successful-semester.html,academics,    2024-08-28
310,https://students.wlu.ca/academics/support-and-advising/student-success/assets/resources/study-skills/5-keys-to-success-in-virtual-courses.html,academics,    2024-12-20
311,https://students.wlu.ca/academics/support-and-advising/student-success/assets/resources/study-skills/keep-calm-and-study-on.html,academics,    2026-07-03
312,https://students.wlu.ca/academics/support-and-advising/student-success/assets/resources/study-skills/golden-rules-resiliency-certificate.html,academics,    2026-07-16
313,https://students.wlu.ca/academics/support-and-advising/student-success/assets/resources/study-skills/peer-academic-coaching.html,academics,    2024-10-29
314,https://students.wlu.ca/academics/support-and-advising/student-success/assets/resources/study-skills/academic-skills-certificate.html,academics,    2026-07-15
315,https://students.wlu.ca/academics/support-and-advising/student-success/assets/resources/study-skills/athlete-academic-success-program.html,academics,    2026-03-02
316,https://students.wlu.ca/academics/support-and-advising/student-success/assets/resources/math/monday-morning-math-clinics.html,academics,    2026-04-27
317,https://students.wlu.ca/academics/support-and-advising/student-success/assets/resources/math/supplemental-instruction-sessions.html,academics,    2026-04-28
318,https://students.wlu.ca/academics/support-and-advising/student-success/assets/resources/math/math-mentoring-program.html,academics,    2026-02-10
319,https://students.wlu.ca/academics/support-and-advising/student-success/assets/resources/math/pre-calculus-and-pre-statistics-modules.html,academics,    2026-05-20
320,https://students.wlu.ca/academics/support-and-advising/student-success/assets/resources/math/tutoring.html,academics,    2026-05-22
321,https://students.wlu.ca/academics/support-and-advising/student-success/assets/resources/math/directed-homework-sessions.html,academics,    2026-04-27
322,https://students.wlu.ca/academics/support-and-advising/student-success/assets/resources/math/triage.html,academics,    2026-06-05
323,https://students.wlu.ca/academics/support-and-advising/student-success/assets/resources/math/mock-tests-and-exams.html,academics,    2026-04-27
324,https://students.wlu.ca/academics/support-and-advising/student-success/assets/resources/math/drop-in-help.html,academics,    2026-05-25
325,https://students.wlu.ca/academics/support-and-advising/gpa-calculator/index.html,academics,    2023-01-09
326,https://students.wlu.ca/academics/support-and-advising/educational-technologies/staff-listing.html,academics,    2026-06-29
327,https://students.wlu.ca/academics/support-and-advising/educational-technologies/course-evaluations.html,academics,    2026-06-30
328,https://students.wlu.ca/academics/support-and-advising/educational-technologies/mylearningspace-guide/index.html,academics,    2025-08-11
329,https://students.wlu.ca/academics/support-and-advising/educational-technologies/mylearningspace-guide/assets/resources/panopto.html,academics,    2025-07-14
330,https://students.wlu.ca/academics/support-and-advising/educational-technologies/mylearningspace-guide/assets/resources/iclicker.html,academics,    2025-07-29
331,https://students.wlu.ca/academics/support-and-advising/educational-technologies/mylearningspace-guide/assets/resources/settings.html,academics,    2021-09-10
332,https://students.wlu.ca/academics/support-and-advising/educational-technologies/mylearningspace-guide/assets/resources/awards.html,academics,    2021-09-09
333,https://students.wlu.ca/academics/support-and-advising/educational-technologies/mylearningspace-guide/assets/resources/turnitin-and-gradescope.html,academics,    2021-09-08
334,https://students.wlu.ca/academics/support-and-advising/educational-technologies/mylearningspace-guide/assets/resources/surveys.html,academics,    2021-09-08
335,https://students.wlu.ca/academics/support-and-advising/educational-technologies/mylearningspace-guide/assets/resources/rubrics.html,academics,    2021-09-08
336,https://students.wlu.ca/academics/support-and-advising/educational-technologies/mylearningspace-guide/assets/resources/quizzes.html,academics,    2023-03-22
337,https://students.wlu.ca/academics/support-and-advising/educational-technologies/mylearningspace-guide/assets/resources/grades.html,academics,    2021-09-08
338,https://students.wlu.ca/academics/support-and-advising/educational-technologies/mylearningspace-guide/assets/resources/groups.html,academics,    2021-12-22
339,https://students.wlu.ca/academics/support-and-advising/educational-technologies/mylearningspace-guide/assets/resources/dropbox.html,academics,    2025-08-05
340,https://students.wlu.ca/academics/support-and-advising/educational-technologies/mylearningspace-guide/assets/resources/discussions.html,academics,    2021-09-03
341,https://students.wlu.ca/academics/support-and-advising/educational-technologies/mylearningspace-guide/assets/resources/content.html,academics,    2021-09-09
342,https://students.wlu.ca/academics/support-and-advising/educational-technologies/mylearningspace-guide/assets/resources/classlist.html,academics,    2021-09-03
343,https://students.wlu.ca/academics/support-and-advising/educational-technologies/mylearningspace-guide/assets/resources/calendar.html,academics,    2021-08-31
344,https://students.wlu.ca/academics/support-and-advising/educational-technologies/mylearningspace-guide/assets/resources/course-homepage.html,academics,    2021-09-08
345,https://students.wlu.ca/academics/support-and-advising/educational-technologies/mylearningspace-guide/assets/resources/myls-homepage.html,academics,    2026-07-23
346,https://students.wlu.ca/academics/support-and-advising/educational-technologies/mylearningspace-guide/assets/resources/email.html,academics,    2021-08-31
347,https://students.wlu.ca/academics/support-and-advising/educational-technologies/assets/resources/guidelines-for-the-use-of-respondus-lockdown-browser-in-assessments.html,academics,    2023-04-05
348,https://students.wlu.ca/academics/support-and-advising/educational-technologies/assets/resources/assessment-tools-in-remote-and-online-courses.html,academics,    2026-07-29
349,https://students.wlu.ca/academics/support-and-advising/educational-technologies/assets/resources/guidelines-for-the-use-of-online-and-digital-resources.html,academics,    2021-10-28
350,https://students.wlu.ca/academics/support-and-advising/educational-technologies/index.html,academics,    2026-06-25
351,https://students.wlu.ca/academics/support-and-advising/accessible-learning/contacts-and-feedback.html,academics,    2026-07-15
352,https://students.wlu.ca/academics/support-and-advising/accessible-learning/index.html,academics,    2026-07-24
353,https://students.wlu.ca/academics/support-and-advising/accessible-learning/policies-and-processes.html,academics,    2026-04-15
354,https://students.wlu.ca/academics/support-and-advising/accessible-learning/financial-aid.html,academics,    2026-05-11
355,https://students.wlu.ca/academics/support-and-advising/accessible-learning/accommodation/learning-strategies.html,academics,    2026-04-02
356,https://students.wlu.ca/academics/support-and-advising/accessible-learning/accommodation/student-support.html,academics,    2025-08-20
357,https://students.wlu.ca/academics/support-and-advising/accessible-learning/accommodation/tutoring.html,academics,    2025-08-20
358,https://students.wlu.ca/academics/support-and-advising/accessible-learning/accommodation/index.html,academics,    2026-07-24
359,https://students.wlu.ca/academics/support-and-advising/accessible-learning/accommodation/assistive-technology.html,academics,    2025-08-20
360,https://students.wlu.ca/academics/support-and-advising/accessible-learning/accommodation/using-accommodations.html,academics,    2026-03-30
